business_id,name,date,score,Address
1-32000,cue,06/19/2014 12:00:00 AM,96,"13700 HIGHWAY 9 STE 300
MILTON, GA 30004
(34.11445666100008, -84.26929859499995)"
FSP-060-001693,1 Kept,05/02/2014 12:00:00 AM,100,"2293 PEACHTREE RD NE STE B
ATLANTA, GA 30309
(33.817046428000026, -84.38957880999999)"
FSP-060-001631,10,06/24/2014 12:00:00 AM,88,"990 PIEDMONT AVE
ATLANTA, GA 30309
(33.78155030900007, -84.38054202099994)"
FSP-060-001631,10,01/02/2014 12:00:00 AM,91,"990 PIEDMONT AVE
ATLANTA, GA 30309
(33.78155030900007, -84.38054202099994)"
FSP-060-001991,10 Degrees South,05/12/2014 12:00:00 AM,99,"4183 ROSWELL RD
ATLANTA, GA 30342
(33.86843601400005, -84.38103045199995)"
(1-4),103 West Lounge,12/12/2014 12:00:00 AM,100,"103 WEST PACES FERRY RD
ATLANTA, GA 30318
(33.79050139100008, -84.44102927399996)"
(1-4),103 West Lounge,02/19/2014 12:00:00 AM,98,"103 WEST PACES FERRY RD
ATLANTA, GA 30318
(33.79050139100008, -84.44102927399996)"
(1-5),103 West Restaurant,12/22/2014 12:00:00 AM,100,"103 WEST PACES FERRY RD
ATLANTA, GA 30318
(33.79050139100008, -84.44102927399996)"
(1-5),103 West Restaurant,12/12/2014 12:00:00 AM,83,"103 WEST PACES FERRY RD
ATLANTA, GA 30318
(33.79050139100008, -84.44102927399996)"
(1-5),103 West Restaurant,02/19/2014 12:00:00 AM,93,"103 WEST PACES FERRY RD
ATLANTA, GA 30318
(33.79050139100008, -84.44102927399996)"
1-916,112 MegaPlex The Crowes Nest,12/22/2014 12:00:00 AM,95,"5495 OLD NATIONAL HWY STE B-13
COLLEGE PARK, GA 30349
(33.60601337300005, -84.47158447799995)"
1-916,112 MegaPlex The Crowes Nest,05/02/2014 12:00:00 AM,99,"5495 OLD NATIONAL HWY STE B-13
COLLEGE PARK, GA 30349
(33.60601337300005, -84.47158447799995)"
1-916,112 MegaPlex The Crowes Nest,04/25/2014 12:00:00 AM,66,"5495 OLD NATIONAL HWY STE B-13
COLLEGE PARK, GA 30349
(33.60601337300005, -84.47158447799995)"
(2-31768),180 Degrees Kitchen,09/18/2014 12:00:00 AM,98,"1300 JOSEPH E. BOONE BLVD
ATLANTA, GA 30314
(33.76351364200008, -84.43037014399994)"
(2-31768),180 Degrees Kitchen,06/24/2014 12:00:00 AM,91,"1300 JOSEPH E. BOONE BLVD
ATLANTA, GA 30314
(33.76351364200008, -84.43037014399994)"
(1-13),1st Methodist Church,02/10/2014 12:00:00 AM,96,"360 PEACHTREE ST N
ATLANTA, GA 30308
(33.76440666000008, -84.38585749699996)"
1-31657,2 Mato,05/16/2014 12:00:00 AM,97,"200 PIEDMONT AVE
ATLANTA, GA 30334
(33.74589121900004, -84.38768998699999)"
1-31004,255 Peters St Lounge,06/19/2014 12:00:00 AM,99,"255 PETERS ST
ATLANTA, GA 30313
(33.74756257900003, -84.40161200699998)"
1-31004,255 Peters St Lounge,06/11/2014 12:00:00 AM,77,"255 PETERS ST
ATLANTA, GA 30313
(33.74756257900003, -84.40161200699998)"
1-26637,285 West Soul Food,12/09/2014 12:00:00 AM,85,"2636 MARTIN LUTHER KING JR. DR STE 10
ATLANTA, GA 30311
(33.753837205000025, -84.47398515099997)"
1-26637,285 West Soul Food,05/21/2014 12:00:00 AM,98,"2636 MARTIN LUTHER KING JR. DR STE 10
ATLANTA, GA 30311
(33.753837205000025, -84.47398515099997)"
1-26637,285 West Soul Food,05/19/2014 12:00:00 AM,78,"2636 MARTIN LUTHER KING JR. DR STE 10
ATLANTA, GA 30311
(33.753837205000025, -84.47398515099997)"
1-32045,2nd Floor Atrium,07/10/2014 12:00:00 AM,100,"250 SPRING ST
ATLANTA, GA 30303
(33.76142109800003, -84.38905392699996)"
1-32045,2nd Floor Atrium,01/09/2014 12:00:00 AM,100,"250 SPRING ST
ATLANTA, GA 30303
(33.76142109800003, -84.38905392699996)"
FSP-060-000978,3 Brothers Catering and EventsLLC,10/08/2014 12:00:00 AM,95,"11670 JONES BRIDGE RD STE A
ALPHARETTA, GA 30005
(34.06507385800006, -84.21244714999995)"
FSP-060-000437,3376 Peachtree Road Atlanta Hotel LL IncEmployee Kitchen,12/12/2014 12:00:00 AM,95,"3376 PEACHTREE RD
ATLANTA, GA 30326
(33.848794019000024, -84.36621685399996)"
FSP-060-000437,3376 Peachtree Road Atlanta Hotel LL IncEmployee Kitchen,05/07/2014 12:00:00 AM,87,"3376 PEACHTREE RD
ATLANTA, GA 30326
(33.848794019000024, -84.36621685399996)"
FSP-060-000439,3376 Peachtree RoadAtlanta Hotel LL IncBanquet Hall,12/12/2014 12:00:00 AM,99,"3376 PEACHTREE RD
ATLANTA, GA 30326
(33.848794019000024, -84.36621685399996)"
FSP-060-000439,3376 Peachtree RoadAtlanta Hotel LL IncBanquet Hall,05/07/2014 12:00:00 AM,90,"3376 PEACHTREE RD
ATLANTA, GA 30326
(33.848794019000024, -84.36621685399996)"
FSP-060-000440,3376 Peachtree RoadAtlanta Hotel LL IncLobby BarCafe,12/12/2014 12:00:00 AM,96,"3376 PEACHTREE RD
ATLANTA, GA 30326
(33.848794019000024, -84.36621685399996)"
FSP-060-000440,3376 Peachtree RoadAtlanta Hotel LL IncLobby BarCafe,05/07/2014 12:00:00 AM,93,"3376 PEACHTREE RD
ATLANTA, GA 30326
(33.848794019000024, -84.36621685399996)"
FSP-060-000435,3376 Peachtree RoadAtlanta Hotel LL IncMain Kitchen,12/12/2014 12:00:00 AM,100,"3376 PEACHTREE RD
ATLANTA, GA 30326
(33.848794019000024, -84.36621685399996)"
FSP-060-000435,3376 Peachtree RoadAtlanta Hotel LL IncMain Kitchen,05/07/2014 12:00:00 AM,93,"3376 PEACHTREE RD
ATLANTA, GA 30326
(33.848794019000024, -84.36621685399996)"
FSP-060-002050,360 Cafe,08/15/2014 12:00:00 AM,93,"1747 METROPOLITAN PKWY
ATLANTA, GA 30315
(33.70652680000006, -84.40805888299997)"
FSP-060-002050,360 Cafe,02/03/2014 12:00:00 AM,95,"1747 METROPOLITAN PKWY
ATLANTA, GA 30315
(33.70652680000006, -84.40805888299997)"
FSP-060-002050,360 Cafe,01/27/2014 12:00:00 AM,74,"1747 METROPOLITAN PKWY
ATLANTA, GA 30315
(33.70652680000006, -84.40805888299997)"
1-18914,5 Seasons Brewing,07/21/2014 12:00:00 AM,84,"5600 ROSWELL STE 21
ATLANTA, GA 30342
(33.908599749000075, -84.37877326899996)"
1-29329,50 Yard Line Sport Bar,09/16/2014 12:00:00 AM,91,"7490 OLD NATIONAL HWY STE 100
RIVERDALE, GA 30296
(33.55257578000004, -84.46593301799999)"
1-29329,50 Yard Line Sport Bar,04/04/2014 12:00:00 AM,96,"7490 OLD NATIONAL HWY STE 100
RIVERDALE, GA 30296
(33.55257578000004, -84.46593301799999)"
1-31208,595 North,01/03/2014 12:00:00 AM,95,"595 NORTH AVE NW
ATLANTA, GA 30318
(33.77007250400004, -84.40676335699999)"
FSP-060-002474,600 Degrees Pizza,09/16/2014 12:00:00 AM,92,"5415 OLD NATIONAL HWY
COLLEGE PARK, GA 30349
(33.607374770000035, -84.47135304299997)"
FSP-060-002474,600 Degrees Pizza,09/11/2014 12:00:00 AM,79,"5415 OLD NATIONAL HWY
COLLEGE PARK, GA 30349
(33.607374770000035, -84.47135304299997)"
FSP-060-001550,7 Star Wings,11/03/2014 12:00:00 AM,91,"4760 JONESBORO RD
UNION CITY, GA 30291
(33.56976485000007, -84.54284077899996)"
FSP-060-001550,7 Star Wings,04/30/2014 12:00:00 AM,89,"4760 JONESBORO RD
UNION CITY, GA 30291
(33.56976485000007, -84.54284077899996)"
FSP-060-001450,730 Big Apple,03/05/2014 12:00:00 AM,90,"730 PEACHTREE ST STE 110
ATLANTA, GA 30308
(33.774433816000055, -84.38472365199993)"
(1-27),755 Club Auxilliary Bar,06/04/2014 12:00:00 AM,94,"755 HANK AARON DRIVE, S
ATLANTA, GA 30318
(33.79050139100008, -84.44102927399996)"
(1-28),755 Club Main Bar,06/04/2014 12:00:00 AM,96,"755 HANK AARON DR SE
ATLANTA, GA 30318
(33.735690817000034, -84.38790010199995)"
FSP-060-000089,A & D Buffalos,09/18/2014 12:00:00 AM,92,"6071 OLD NATIONAL HWY STE B
ATLANTA, GA 30349
(33.58961652800008, -84.46884495199998)"
FSP-060-000089,A & D Buffalos,04/01/2014 12:00:00 AM,93,"6071 OLD NATIONAL HWY STE B
ATLANTA, GA 30349
(33.58961652800008, -84.46884495199998)"
FSP-060-001225,A Building Kitchen,03/27/2014 12:00:00 AM,100,"285 ANDREW YOUNG INTERNATIONAL BLVD
ATLANTA, GA 30313
(33.75840989400007, -84.39536617799996)"
(1-37),A G Rhodes Home Inc,06/24/2014 12:00:00 AM,95,"350 BOULEVARD SE
ATLANTA, GA 30312
(33.74486972200003, -84.36809737799996)"
FSP-060-001846,A Movable Feast,07/14/2014 12:00:00 AM,87,"168 LUCKIE ST
ATLANTA, GA 30303
(33.75906468100004, -84.39173067799999)"
1-31479,A Pantry,04/09/2014 12:00:00 AM,100,"ONE PHILIPS DR
ATLANTA, GA 30303
(33.75605194800005, -84.39731484299995)"
1-24385,A Royal Affair Cafe Inc,01/17/2014 12:00:00 AM,99,"5920 ROSWELL RD STE D-205
ATLANTA, GA 30328
(33.91669337700006, -84.37922381099997)"
1-24385,A Royal Affair Cafe Inc,01/09/2014 12:00:00 AM,75,"5920 ROSWELL RD STE D-205
ATLANTA, GA 30328
(33.91669337700006, -84.37922381099997)"
FSP-060-001363,A Taste Of The Island,11/13/2014 12:00:00 AM,94,"3435 ROOSEVELT HWY STE 4
ATLANTA, GA 30349
(33.622004651000054, -84.50150453799995)"
FSP-060-001363,A Taste Of The Island,06/19/2014 12:00:00 AM,93,"3435 ROOSEVELT HWY STE 4
ATLANTA, GA 30349
(33.622004651000054, -84.50150453799995)"
FSP-060-001885,A Town China Express,08/28/2014 12:00:00 AM,92,"1660 DONAL LEE HOLLWELL PKWY
ATLANTA, GA 30318
(33.77282523100007, -84.44205428099997)"
FSP-060-001885,A Town China Express,02/10/2014 12:00:00 AM,94,"1660 DONAL LEE HOLLWELL PKWY
ATLANTA, GA 30318
(33.77282523100007, -84.44205428099997)"
FSP-060-001885,A Town China Express,02/06/2014 12:00:00 AM,76,"1660 DONAL LEE HOLLWELL PKWY
ATLANTA, GA 30318
(33.77282523100007, -84.44205428099997)"
2-31512,A Town Wings,01/15/2014 12:00:00 AM,98,"2644 METROPOLITAN PKWY
ATLANTA, GA 30315
(33.682231682000065, -84.40771743599998)"
2-31512,A Town Wings,01/09/2014 12:00:00 AM,74,"2644 METROPOLITAN PKWY
ATLANTA, GA 30315
(33.682231682000065, -84.40771743599998)"
FSP-060-002138,ATown Wings,10/09/2014 12:00:00 AM,95,"2480 FLAT SHOALS RD
ATLANTA, GA 30349
(33.588842698000065, -84.47008353699994)"
FSP-060-002138,ATown Wings,04/25/2014 12:00:00 AM,93,"2480 FLAT SHOALS RD
ATLANTA, GA 30349
(33.588842698000065, -84.47008353699994)"
(1-41),A Phillip Randolph Elementary School,09/29/2014 12:00:00 AM,99,"5320 CAMPBELLTON
ATLANTA, GA 30331
(33.71117028000003, -84.52821615499994)"
(1-41),A Phillip Randolph Elementary School,03/10/2014 12:00:00 AM,100,"5320 CAMPBELLTON
ATLANTA, GA 30331
(33.71117028000003, -84.52821615499994)"
(1-43),Aa Synagogue Meat Kitchen,05/08/2014 12:00:00 AM,100,"600 PEACHTREE BATTLE
ATLANTA, GA 30327
(33.85881356700003, -84.42285846099998)"
(1-43),Aa Synagogue Meat Kitchen,01/13/2014 12:00:00 AM,100,"600 PEACHTREE BATTLE
ATLANTA, GA 30327
(33.85881356700003, -84.42285846099998)"
(1-44),Aa Synagogue Milk Kit,05/08/2014 12:00:00 AM,100,"600 PEACHTREE BATTLE
ATLANTA, GA 30327
(33.85881356700003, -84.42285846099998)"
(1-44),Aa Synagogue Milk Kit,01/13/2014 12:00:00 AM,100,"600 PEACHTREE BATTLE
ATLANTA, GA 30327
(33.85881356700003, -84.42285846099998)"
1-31969,Abattoir,01/02/2014 12:00:00 AM,100,"1170 HOWELL MILL RD STE 100
ATLANTA, GA 30318
(33.78589227000003, -84.41170775999996)"
1-16454,Abbotts Hill Elementary School,09/15/2014 12:00:00 AM,100,"5575 ABBOTTS BRIDGE RD
DULUTH, GA 30097
(34.05489343000005, -84.19713197299995)"
1-16454,Abbotts Hill Elementary School,01/22/2014 12:00:00 AM,100,"5575 ABBOTTS BRIDGE RD
DULUTH, GA 30097
(34.05489343000005, -84.19713197299995)"
FSP-060-001352,Abdullah The Butcher  Lopez Management Inc,10/08/2014 12:00:00 AM,82,"2387 FAIRBURN RD
ATLANTA, GA 30331
(33.689662748000046, -84.51151382899997)"
FSP-060-001352,Abdullah The Butcher  Lopez Management Inc,04/02/2014 12:00:00 AM,84,"2387 FAIRBURN RD
ATLANTA, GA 30331
(33.689662748000046, -84.51151382899997)"
FSP-060-001352,Abdullah The Butcher  Lopez Management Inc,03/31/2014 12:00:00 AM,53,"2387 FAIRBURN RD
ATLANTA, GA 30331
(33.689662748000046, -84.51151382899997)"
1-32146,Abdullah The Butcher Westend,12/10/2014 12:00:00 AM,79,"854 OAK ST
ATLANTA, GA 30310
(33.74064178400005, -84.41639081599999)"
FSP-060-001048,Absolute Bar Club,04/09/2014 12:00:00 AM,99,"1 PHILIPS DR
ATLANTA, GA 30303
(33.75605194800005, -84.39731484299995)"
1-29835,Acoustix Jazz Cafe,01/10/2014 12:00:00 AM,99,"840 MARIETTA ST
ATLANTA, GA 30318
(33.77532568200007, -84.40673914799999)"
1-29835,Acoustix Jazz Cafe,01/03/2014 12:00:00 AM,76,"840 MARIETTA ST
ATLANTA, GA 30318
(33.77532568200007, -84.40673914799999)"
1-31606,Actors Express,03/13/2014 12:00:00 AM,100,"887 WEST MARIETTA ST STE J-107
ATLANTA, GA 30318
(33.78188908000004, -84.41652662999996)"
1-23280,Adamsville Elementary School,09/12/2014 12:00:00 AM,96,"286 WILSON MILL RD SW
ATLANTA, GA 30331
(33.75510182000005, -84.51435001899995)"
1-23280,Adamsville Elementary School,03/05/2014 12:00:00 AM,100,"286 WILSON MILL RD SW
ATLANTA, GA 30331
(33.75510182000005, -84.51435001899995)"
2-31480,Adesa Diner,12/17/2014 12:00:00 AM,90,"5055 OAKLEY INDUSTRIAL BLVD
FAIRBURN, GA 30213
(33.54812422700007, -84.55277864099997)"
2-31480,Adesa Diner,04/09/2014 12:00:00 AM,99,"5055 OAKLEY INDUSTRIAL BLVD
FAIRBURN, GA 30213
(33.54812422700007, -84.55277864099997)"
2-31480,Adesa Diner,04/07/2014 12:00:00 AM,75,"5055 OAKLEY INDUSTRIAL BLVD
FAIRBURN, GA 30213
(33.54812422700007, -84.55277864099997)"
FSP-060-002780,Adrenaline Nutrition Source,10/16/2014 12:00:00 AM,96,"11720 MEDLOCK BRIDGE RD
DULUTH, GA 30097
(34.067652665000026, -84.16844035499997)"
FSP-060-001749,AFC Sushi,04/09/2014 12:00:00 AM,100,"350 SPELMAN LN
ATLANTA, GA 30314
(33.74533076500006, -84.40888294699994)"
FSP-060-000368,Africa Home Taste Restaurant,02/28/2014 12:00:00 AM,89,"4841 OLD NATIONAL HWY
ATLANTA, GA 30337
(33.62439027700003, -84.47428959899997)"
(1-54),Afro Dish,09/03/2014 12:00:00 AM,80,"209 EDGEWOOD AVE STE 126
ATLANTA, GA 30303
(33.75437259000006, -84.38001081899995)"
(1-54),Afro Dish,01/15/2014 12:00:00 AM,96,"209 EDGEWOOD AVE STE 126
ATLANTA, GA 30303
(33.75437259000006, -84.38001081899995)"
(1-54),Afro Dish,01/08/2014 12:00:00 AM,85,"209 EDGEWOOD AVE STE 126
ATLANTA, GA 30303
(33.75437259000006, -84.38001081899995)"
FSP-060-000244,Agora,12/12/2014 12:00:00 AM,98,"3850 JONESBORO RD SE
ATLANTA, GA 30354
(33.64927296600007, -84.36590112899995)"
FSP-060-000244,Agora,09/12/2014 12:00:00 AM,96,"3850 JONESBORO RD SE
ATLANTA, GA 30354
(33.64927296600007, -84.36590112899995)"
FSP-060-000986,Agora,12/12/2014 12:00:00 AM,93,"3650 JONESBORO RD
ATLANTA, GA 30354
(33.655738419000045, -84.36884520899997)"
FSP-060-000986,Agora,09/12/2014 12:00:00 AM,93,"3650 JONESBORO RD
ATLANTA, GA 30354
(33.655738419000045, -84.36884520899997)"
FSP-060-000986,Agora,01/10/2014 12:00:00 AM,94,"3650 JONESBORO RD
ATLANTA, GA 30354
(33.655738419000045, -84.36884520899997)"
FSP-060-000103,Airport View Restaurant,11/05/2014 12:00:00 AM,93,"3670 GEORGIA AVE
HAPEVILLE, GA 30354
(33.65398003700005, -84.41028817599994)"
FSP-060-000103,Airport View Restaurant,01/17/2014 12:00:00 AM,93,"3670 GEORGIA AVE
HAPEVILLE, GA 30354
(33.65398003700005, -84.41028817599994)"
1-31463,AJA Restaurant,08/21/2014 12:00:00 AM,94,"3500 LENOX RD STE 100
ATLANTA, GA 30326
(33.85254354400007, -84.36543675899998)"
1-31463,AJA Restaurant,02/26/2014 12:00:00 AM,96,"3500 LENOX RD STE 100
ATLANTA, GA 30326
(33.85254354400007, -84.36543675899998)"
1-31142,Akina Restaurant,04/04/2014 12:00:00 AM,98,"5815 WINDWARD PKWY
ALPHARETTA, GA 30005
(34.08882353900003, -84.25615435199995)"
1-13289,Alacarte,01/07/2014 12:00:00 AM,100,"8610 ROSWELL RD
ATLANTA, GA 30350
(33.989734217000034, -84.35173267099998)"
1-29245,Aladdins Mediterranean Grill & Deli,11/17/2014 12:00:00 AM,88,"8725 ROSWELL RD STE 1 &amp; 2
ATLANTA, GA 30350
(33.97901379900003, -84.34003831199999)"
(1-62),Aldos Italian Restaurant,02/26/2014 12:00:00 AM,89,"6690 ROSWELL RD STE 2120 BLDG F
ATLANTA, GA 30328
(33.937368769000045, -84.37812568599998)"
2-31525,All About Taste Catering Company,10/15/2014 12:00:00 AM,100,"455 PLASAMORE DR NE
ATLANTA, GA 30324
(33.81314357200006, -84.37257514499998)"
1-25537,All Saints Episcopal Church,05/08/2014 12:00:00 AM,98,"634 WEST PEACHTREE ST
ATLANTA, GA 30308
(33.77168016400003, -84.38740958199998)"
(1-64),All Star Line Up 101,06/04/2014 12:00:00 AM,99,"755 HANK AARON DR
ATLANTA, GA 30315
(33.735690817000034, -84.38790010199995)"
1-1574,All Star Line Up 135,06/04/2014 12:00:00 AM,99,"755 HANK AARON DR
ATLANTA, GA 30315
(33.735690817000034, -84.38790010199995)"
(1-68),All Star Line Up 201,06/04/2014 12:00:00 AM,97,"755 HANK AARON DR
ATLANTA, GA 30315
(33.735690817000034, -84.38790010199995)"
(1-2421),All Star Line Up 206,06/04/2014 12:00:00 AM,96,"755 HANK AARON DR
ATLANTA, GA 30315
(33.735690817000034, -84.38790010199995)"
(1-69),All Star Line Up 217,06/04/2014 12:00:00 AM,93,"755 HANK AARON DR
ATLANTA, GA 30315
(33.735690817000034, -84.38790010199995)"
1-1565,All Star Line Up 239,06/04/2014 12:00:00 AM,96,"755 HANK AARON DR
ATLANTA, GA 30315
(33.735690817000034, -84.38790010199995)"
FSP-060-001678,All Starz Sports Bar and Lounge,09/02/2014 12:00:00 AM,89,"4847 OLD NATIONAL HWY
ATLANTA, GA 30337
(33.62435876200004, -84.47428859799999)"
FSP-060-001678,All Starz Sports Bar and Lounge,03/31/2014 12:00:00 AM,94,"4847 OLD NATIONAL HWY
ATLANTA, GA 30337
(33.62435876200004, -84.47428859799999)"
FSP-060-000964,Alma Cocina,04/09/2014 12:00:00 AM,80,"191 PEACHTREE ST
ATLANTA, GA 30303
(33.74939012300007, -84.39427491599997)"
2-31693,ALO II LLC dba Subway,10/23/2014 12:00:00 AM,100,"8420 SENOIA STE 107
FAIRBURN, GA 30213
(33.528033761000074, -84.57599102499995)"
2-31693,ALO II LLC dba Subway,02/10/2014 12:00:00 AM,94,"8420 SENOIA STE 107
FAIRBURN, GA 30213
(33.528033761000074, -84.57599102499995)"
1-24225,Aloha,07/26/2014 12:00:00 AM,86,"550 PIEDMONT AVE NE
ATLANTA, GA 30308
(33.76943176100008, -84.38197315499997)"
1-24225,Aloha,07/16/2014 12:00:00 AM,51,"550 PIEDMONT AVE NE
ATLANTA, GA 30308
(33.76943176100008, -84.38197315499997)"
(1-75),Alpha Delta Pi Sorority Kitchen,10/15/2014 12:00:00 AM,99,"729 BRITTAIN DR
ATLANTA, GA 30313
(33.774599745000046, -84.39302929899998)"
(1-75),Alpha Delta Pi Sorority Kitchen,04/10/2014 12:00:00 AM,95,"729 BRITTAIN DR
ATLANTA, GA 30313
(33.774599745000046, -84.39302929899998)"
FSP-060-001504,Alpha Gamma Delta Sorority House,09/23/2014 12:00:00 AM,99,"177 5TH ST NW
ATLANTA, GA 30313
(33.77694809500008, -84.39303966999995)"
1-32378,Alpha Rho Of Phi Kappa Tau Fraternity,04/11/2014 12:00:00 AM,90,"175 4TH ST NW
ATLANTA, GA 30313
(33.77583499100007, -84.39303621299996)"
(1-76),Alpha Soda,03/25/2014 12:00:00 AM,95,"11760 HAYNES BRIDGE
ALPHARETTA, GA 30004
(34.05628124700007, -84.28640832899998)"
(1-78),Alpharetta Elementary  School,10/09/2014 12:00:00 AM,100,"192 MAYFIELD ST
ALPHARETTA, GA 30201
(34.07537343800004, -84.29454722899999)"
(1-78),Alpharetta Elementary  School,03/04/2014 12:00:00 AM,100,"192 MAYFIELD ST
ALPHARETTA, GA 30201
(34.07537343800004, -84.29454722899999)"
(1-3038),Alpharetta Family Skate Center,07/02/2014 12:00:00 AM,92,"10800 DAVIS DR
ALPHARETTA, GA 30004
(34.04178957800008, -84.31314451899993)"
1-25446,Alpharetta High School,08/26/2014 12:00:00 AM,96,"3595 WEBB BRIDGE
ALPHARETTA, GA 30005
(34.07855004800007, -84.25509616299996)"
1-25446,Alpharetta High School,01/14/2014 12:00:00 AM,100,"3595 WEBB BRIDGE
ALPHARETTA, GA 30005
(34.07855004800007, -84.25509616299996)"
1-13274,Alpharetta Marriott  Lobby Bar,10/30/2014 12:00:00 AM,99,"5750 WINDWARD PKWY
ALPHARETTA, GA 30005
(34.08861728100004, -84.25804524599994)"
1-13274,Alpharetta Marriott  Lobby Bar,01/14/2014 12:00:00 AM,97,"5750 WINDWARD PKWY
ALPHARETTA, GA 30005
(34.08861728100004, -84.25804524599994)"
1-13275,Alpharetta Marriott  Vidalias,10/30/2014 12:00:00 AM,93,"5750 WINDWARD PKWY
ALPHARETTA, GA 30005
(34.08861728100004, -84.25804524599994)"
1-13275,Alpharetta Marriott  Vidalias,01/14/2014 12:00:00 AM,99,"5750 WINDWARD PKWY
ALPHARETTA, GA 30005
(34.08861728100004, -84.25804524599994)"
(1-80),Alpharetta Swimming Pool Concession,04/29/2014 12:00:00 AM,100,"1810 OLD MILTON PKWY
ALPHARETTA, GA 30004
(34.073012163000044, -84.30509029699994)"
1-26775,Alpharetta YMCA,10/03/2014 12:00:00 AM,100,"3655 PRESTON RIDGE
ALPHARETTA, GA 30005
(34.070305817000076, -84.25228446099999)"
FSP-060-000004,Alpine Bakery 1 LLC,06/04/2014 12:00:00 AM,91,"12315 CRABAPPLE RD STE 100
ALPHARETTA, GA 30004
(34.082389197000055, -84.35703086299998)"
FSP-060-002179,Alston & Bird Dining 50th & 51st FLOOR,02/26/2014 12:00:00 AM,81,"1201 WEST PEACHTREE ST
ATLANTA, GA 30309
(33.787530651000054, -84.38776798099997)"
FSP-060-000810,Amana Academy,08/27/2014 12:00:00 AM,100,"285 SOUTH MAIN STREET
ALPHARETTA, GA 30009
(34.06792768400004, -84.30134720099994)"
FSP-060-000810,Amana Academy,03/05/2014 12:00:00 AM,92,"285 SOUTH MAIN STREET
ALPHARETTA, GA 30009
(34.06792768400004, -84.30134720099994)"
(1-84),AMC Theatres Buckhead Backlot 6,04/08/2014 12:00:00 AM,95,"3340 PEACHTREE RD
ATLANTA, GA 30326
(33.847001068000054, -84.37076260599997)"
(1-85),AMC Theatres Mansell Crossing 14,04/01/2014 12:00:00 AM,100,"7730 NORTH POINT PKWY
ALPHARETTA, GA 30022
(34.040027155000075, -84.30528211199999)"
(1-96),AMC Theatres Phipps Plaza 14,12/17/2014 12:00:00 AM,97,"3500 PEACHTREE RD
ATLANTA, GA 30326
(33.852051234000044, -84.36072348899995)"
(1-96),AMC Theatres Phipps Plaza 14,04/29/2014 12:00:00 AM,83,"3500 PEACHTREE RD
ATLANTA, GA 30326
(33.852051234000044, -84.36072348899995)"
(1-96),AMC Theatres Phipps Plaza 14,04/29/2014 12:00:00 AM,87,"3500 PEACHTREE RD
ATLANTA, GA 30326
(33.852051234000044, -84.36072348899995)"
1-32105,Americas Mart Atrium Bldg 3 Unit 3,07/10/2014 12:00:00 AM,100,"250 SPRING ST
ATLANTA, GA 30303
(33.76142109800003, -84.38905392699996)"
1-32105,Americas Mart Atrium Bldg 3 Unit 3,01/09/2014 12:00:00 AM,91,"250 SPRING ST
ATLANTA, GA 30303
(33.76142109800003, -84.38905392699996)"
1-32117,Americas Mart Cafe On 2 Bldg 1,01/13/2014 12:00:00 AM,100,"240 PEACHTREE ST
ATLANTA, GA 30303
(33.76061104400003, -84.38761357499999)"
1-32123,Americas Mart Food Pavillion 10Th FLR B1 U4,01/10/2014 12:00:00 AM,91,"240 PEACHTREE ST
ATLANTA, GA 30303
(33.76061104400003, -84.38761357499999)"
1-32121,Americas Mart Food Pavillion 10Th Flr B1 U2,01/10/2014 12:00:00 AM,100,"240 PEACHTREE ST
ATLANTA, GA 30303
(33.76061104400003, -84.38761357499999)"
1-32122,Americas Mart Food Pavillion10th FLR B1 U3,01/10/2014 12:00:00 AM,100,"240 PEACHTREE ST
ATLANTA, GA 30303
(33.76061104400003, -84.38761357499999)"
1-32120,Americas Mart Pavillion 10Th Flr BldgUnit 1,01/10/2014 12:00:00 AM,100,"240 PEACHTREE ST
ATLANTA, GA 30303
(33.76061104400003, -84.38761357499999)"
1-32116,Americas MartAtrium Bldg 3 Unit 4,01/09/2014 12:00:00 AM,100,"250 SPRING ST
ATLANTA, GA 30303
(33.76142109800003, -84.38905392699996)"
FSP-060-000609,American Burger,07/08/2014 12:00:00 AM,93,"1603 WHITE WAY
ATLANTA, GA 30344
(33.67864173700008, -84.44124928399998)"
FSP-060-000609,American Burger,06/24/2014 12:00:00 AM,70,"1603 WHITE WAY
ATLANTA, GA 30344
(33.67864173700008, -84.44124928399998)"
1-32440,American Deli,08/14/2014 12:00:00 AM,89,"4514 WASHINGTON RD
ATLANTA, GA 30349
(33.63222832100007, -84.49228910999994)"
1-32440,American Deli,01/15/2014 12:00:00 AM,92,"4514 WASHINGTON RD
ATLANTA, GA 30349
(33.63222832100007, -84.49228910999994)"
1-31286,American Deli,10/13/2014 12:00:00 AM,91,"5190 OLD NATIONAL HWY STE B
COLLEGE PARK, GA 30349
(33.61360062500006, -84.47238003399997)"
1-31286,American Deli,04/10/2014 12:00:00 AM,90,"5190 OLD NATIONAL HWY STE B
COLLEGE PARK, GA 30349
(33.61360062500006, -84.47238003399997)"
1-14442,American Deli,12/11/2014 12:00:00 AM,97,"840 OAK ST
ATLANTA, GA 30310
(33.740614891000064, -84.41494606699996)"
FSP-060-000708,American Deli,10/09/2014 12:00:00 AM,70,"2631 MAIN ST
ATLANTA, GA 30344
(33.68327795400006, -84.44064388899994)"
FSP-060-000708,American Deli,04/22/2014 12:00:00 AM,83,"2631 MAIN ST
ATLANTA, GA 30344
(33.68327795400006, -84.44064388899994)"
1-30340,American Deli,02/04/2014 12:00:00 AM,90,"3695 CASCADE RD STE M
ATLANTA, GA 30331
(33.72372765500006, -84.50958606199998)"
FSP-060-001034,American Deli,07/23/2014 12:00:00 AM,96,"2457 MARTIN LUTHER KING JR. DR STE D
ATLANTA, GA 30311
(33.75216113700003, -84.46835115099998)"
FSP-060-001034,American Deli,07/09/2014 12:00:00 AM,67,"2457 MARTIN LUTHER KING JR. DR STE D
ATLANTA, GA 30311
(33.75216113700003, -84.46835115099998)"
1-32700,American Deli,08/28/2014 12:00:00 AM,96,"1624 DONALD LEE HOLLOWELL PKWY STE 105
ATLANTA, GA 30318
(33.77237468900006, -84.44111286699996)"
FSP-060-002801,American Deli,12/10/2014 12:00:00 AM,91,"2740 GREENBRIAR PKWY
ATLANTA, GA 30331
(33.68991873400006, -84.48901028699999)"
1-30255,American Deli,12/08/2014 12:00:00 AM,92,"6175 OLD NATIONAL HWY
ATLANTA, GA 30349
(33.58508165000006, -84.46928385299998)"
1-30255,American Deli,05/20/2014 12:00:00 AM,90,"6175 OLD NATIONAL HWY
ATLANTA, GA 30349
(33.58508165000006, -84.46928385299998)"
FSP-060-001127,American Deli,08/11/2014 12:00:00 AM,91,"2685 METROPOLITAN PKWY
ATLANTA, GA 30315
(33.68260847800008, -84.40780385699998)"
FSP-060-001127,American Deli,01/21/2014 12:00:00 AM,88,"2685 METROPOLITAN PKWY
ATLANTA, GA 30315
(33.68260847800008, -84.40780385699998)"
FSP-060-000223,American Deli,04/02/2014 12:00:00 AM,98,"50 UPPER ALABAMA ST
ATLANTA, GA 30303
(33.752494728000045, -84.39008922799997)"
FSP-060-001790,American Deli,09/29/2014 12:00:00 AM,90,"2091 CAMPBELLTON RD
ATLANTA, GA 30311
(33.70662664100007, -84.45701089899995)"
FSP-060-001790,American Deli,03/21/2014 12:00:00 AM,84,"2091 CAMPBELLTON RD
ATLANTA, GA 30311
(33.70662664100007, -84.45701089899995)"
FSP-060-002812,American Deli,12/02/2014 12:00:00 AM,83,"3530 CAMP CREEK PKWY STE 140
EAST POINT, GA 30344
(33.654517000000055, -84.50477067599996)"
FSP-060-000548,American Deli,11/03/2014 12:00:00 AM,90,"1003 VIRGINIA AVE
ATLANTA, GA 30354
(33.658926344000065, -84.42278862699999)"
FSP-060-000548,American Deli,02/18/2014 12:00:00 AM,93,"1003 VIRGINIA AVE
ATLANTA, GA 30354
(33.658926344000065, -84.42278862699999)"
1-31204,American Deli,08/27/2014 12:00:00 AM,90,"4733 JONESBORO RD STE 130
UNION CITY, GA 30291
(33.569640364000065, -84.54231675799997)"
1-31204,American Deli,02/05/2014 12:00:00 AM,89,"4733 JONESBORO RD STE 130
UNION CITY, GA 30291
(33.569640364000065, -84.54231675799997)"
1-31091,American Deli,10/20/2014 12:00:00 AM,87,"590 CASCADE AVE SW STE D
ATLANTA, GA 30310
(33.73865316100006, -84.43387538499996)"
1-31091,American Deli,04/10/2014 12:00:00 AM,95,"590 CASCADE AVE SW STE D
ATLANTA, GA 30310
(33.73865316100006, -84.43387538499996)"
1-31091,American Deli,04/09/2014 12:00:00 AM,59,"590 CASCADE AVE SW STE D
ATLANTA, GA 30310
(33.73865316100006, -84.43387538499996)"
1-31091,American Deli,04/02/2014 12:00:00 AM,65,"590 CASCADE AVE SW STE D
ATLANTA, GA 30310
(33.73865316100006, -84.43387538499996)"
1-31690,American Deli,08/28/2014 12:00:00 AM,96,"1624 DONALD LEE HOLLOWELL PKWY STE 105
ATLANTA, GA 30318
(33.77237468900006, -84.44111286699996)"
(1-99),American Golf Snack Bar,08/22/2014 12:00:00 AM,100,"216 WEST WIEUCA RD
ATLANTA, GA 30342
(33.875766129000056, -84.39186973499994)"
(1-99),American Golf Snack Bar,03/19/2014 12:00:00 AM,100,"216 WEST WIEUCA RD
ATLANTA, GA 30342
(33.875766129000056, -84.39186973499994)"
FSP-060-002703,American Hibachi,09/22/2014 12:00:00 AM,96,"6071 OLD NATIONAL HWY STE 101
COLLEGE PARK, GA 30349
(33.58961652800008, -84.46884495199998)"
FSP-060-002703,American Hibachi,09/18/2014 12:00:00 AM,78,"6071 OLD NATIONAL HWY STE 101
COLLEGE PARK, GA 30349
(33.58961652800008, -84.46884495199998)"
1-28625,American Sandwich,05/14/2014 12:00:00 AM,85,"2910 CAMPBELLTON SW
ATLANTA, GA 30311
(33.69776789800005, -84.48387289299995)"
2-31440,American Wing & Deli,06/19/2014 12:00:00 AM,86,"199 MITCHELL ST
ATLANTA, GA 30303
(33.75159559100007, -84.39418734299994)"
1-24137,American Wing & Deli,10/09/2014 12:00:00 AM,80,"2143 MAIN ST
EAST POINT, GA 30344
(33.69609142100006, -84.42985960799996)"
1-24137,American Wing & Deli,04/21/2014 12:00:00 AM,81,"2143 MAIN ST
EAST POINT, GA 30344
(33.69609142100006, -84.42985960799996)"
FSP-060-001984,American Wings,10/07/2014 12:00:00 AM,92,"890 EAST CLEVELAND AVE
ATLANTA, GA 30315
(33.68108838300003, -84.39121837699997)"
FSP-060-001984,American Wings,04/07/2014 12:00:00 AM,86,"890 EAST CLEVELAND AVE
ATLANTA, GA 30315
(33.68108838300003, -84.39121837699997)"
FSP-060-001984,American Wings,03/27/2014 12:00:00 AM,54,"890 EAST CLEVELAND AVE
ATLANTA, GA 30315
(33.68108838300003, -84.39121837699997)"
FSP-060-001449,American Wings & Seafood,12/17/2014 12:00:00 AM,88,"3160 DONALD LEE HOLLOWELL PKWY NW
ATLANTA, GA 30318
(33.785645518000024, -84.49011365099994)"
FSP-060-001449,American Wings & Seafood,06/26/2014 12:00:00 AM,91,"3160 DONALD LEE HOLLOWELL PKWY NW
ATLANTA, GA 30318
(33.785645518000024, -84.49011365099994)"
1-32301,Bar 2,05/17/2014 12:00:00 AM,100,"1 GEORGIA DOME DR
ATLANTA, GA 30313
(33.75633725000006, -84.40266985799997)"
FSP-060-001345,American Wings & Seafood,12/10/2014 12:00:00 AM,100,"387 CLEVELAND AVE STE 1
ATLANTA, GA 30315
(33.681208456000036, -84.40193989499994)"
FSP-060-001345,American Wings & Seafood,03/06/2014 12:00:00 AM,92,"387 CLEVELAND AVE STE 1
ATLANTA, GA 30315
(33.681208456000036, -84.40193989499994)"
FSP-060-001345,American Wings & Seafood,02/20/2014 12:00:00 AM,65,"387 CLEVELAND AVE STE 1
ATLANTA, GA 30315
(33.681208456000036, -84.40193989499994)"
1-32103,Americas Mart Atrium   Bld 3  Unit 2,07/10/2014 12:00:00 AM,100,"250 SPRING ST
ATLANTA, GA 30303
(33.76142109800003, -84.38905392699996)"
1-32103,Americas Mart Atrium   Bld 3  Unit 2,01/09/2014 12:00:00 AM,91,"250 SPRING ST
ATLANTA, GA 30303
(33.76142109800003, -84.38905392699996)"
1-32107,Americas Mart Atrium  Bld 3  Unit 1,07/10/2014 12:00:00 AM,91,"250 SPRING
ATLANTA, GA 30303
(33.76145320400008, -84.38905307899995)"
1-32107,Americas Mart Atrium  Bld 3  Unit 1,01/09/2014 12:00:00 AM,91,"250 SPRING
ATLANTA, GA 30303
(33.76145320400008, -84.38905307899995)"
1-32106,Americas Mart Cafe  On 8  Bld 2,01/10/2014 12:00:00 AM,97,"230 SPRING ST
ATLANTA, GA 30303
(33.76084100200006, -84.38905752799997)"
1-32109,Americass Mart Cafe On 19 Bldg 1,01/16/2014 12:00:00 AM,100,"240 PEACHTREE ST
ATLANTA, GA 30303
(33.76061104400003, -84.38761357499999)"
FSP-060-002340,Amigos Rancheros,07/07/2014 12:00:00 AM,94,"5021 OLD NATIONAL HWY
ATLANTA, GA 30349
(33.61818316400007, -84.47291012999995)"
1-28959,Amsterdam Cafe,05/27/2014 12:00:00 AM,97,"502-A AMSTERDAM AVE NE
ATLANTA, GA 30306
(33.78825060400004, -84.36891617699996)"
1-30610,Andrews Upstairs The Venue,11/06/2014 12:00:00 AM,96,"56 EAST ANDREWS DR STE 10
ATLANTA, GA 30305
(33.84358340000006, -84.38168047599999)"
FSP-060-001096,Angelinas Smoothies,06/30/2014 12:00:00 AM,100,"285 ANDREW YOUNG INTERNATIONAL BLVD
ATLANTA, GA 30313
(33.75840989400007, -84.39536617799996)"
FSP-060-001096,Angelinas Smoothies,03/27/2014 12:00:00 AM,100,"285 ANDREW YOUNG INTERNATIONAL BLVD
ATLANTA, GA 30313
(33.75840989400007, -84.39536617799996)"
1-127,Anna Lees,10/03/2014 12:00:00 AM,96,"425 MARKET PL
ROSWELL, GA 30076
(34.03065501300006, -84.34116125099996)"
1-128,Annie Thai Castle,04/08/2014 12:00:00 AM,91,"3195 ROSWELL RD
ATLANTA, GA 30305
(33.84229169200006, -84.37884701499996)"
FSP-060-002031,Another Broken Egg Cafe,06/11/2014 12:00:00 AM,91,"2355 PEACHTREE RD NE
ATLANTA, GA 30305
(33.81901150700003, -84.38862105299995)"
1-130,Ansley Golf Club Pool & Tennis,07/18/2014 12:00:00 AM,96,"196 MONTGOMERY FERRY DR
ATLANTA, GA 30309
(33.80033920000005, -84.37530633399996)"
1-130,Ansley Golf Club Pool & Tennis,02/10/2014 12:00:00 AM,96,"196 MONTGOMERY FERRY DR
ATLANTA, GA 30309
(33.80033920000005, -84.37530633399996)"
1-132,Ansley Room,07/22/2014 12:00:00 AM,90,"196 MONTGOMERY FERRY RD
ATLANTA, GA 30309
(33.80148556700004, -84.37322808699997)"
1-132,Ansley Room,07/18/2014 12:00:00 AM,55,"196 MONTGOMERY FERRY RD
ATLANTA, GA 30309
(33.80148556700004, -84.37322808699997)"
1-132,Ansley Room,02/10/2014 12:00:00 AM,90,"196 MONTGOMERY FERRY RD
ATLANTA, GA 30309
(33.80148556700004, -84.37322808699997)"
1-136,Antioch Baptist Church North,01/16/2014 12:00:00 AM,95,"540 KENNEDY ST
ATLANTA, GA 30318
(33.76817850400005, -84.40506689099999)"
1-17781,Apache Cafe,07/25/2014 12:00:00 AM,88,"64 3RD ST
ATLANTA, GA 30308
(33.77383347700004, -84.38949985999994)"
1-17781,Apache Cafe,07/16/2014 12:00:00 AM,73,"64 3RD ST
ATLANTA, GA 30308
(33.77383347700004, -84.38949985999994)"
1-29825,Apple Tree Deli,05/14/2014 12:00:00 AM,100,"11706 ALPHARETTA HWY STE 300
ROSWELL, GA 30076
(34.06542645700006, -84.31996195699998)"
FSP-060-000846,Applebees Neighborhood Grill & Bar,09/03/2014 12:00:00 AM,84,"3690 CASCADE RD
ATLANTA, GA 30331
(33.72361357900007, -84.50925535699997)"
FSP-060-000846,Applebees Neighborhood Grill & Bar,08/27/2014 12:00:00 AM,76,"3690 CASCADE RD
ATLANTA, GA 30331
(33.72361357900007, -84.50925535699997)"
1-32291,Bar 20,07/15/2014 12:00:00 AM,100,"1 GEORGIA DOME DR
ATLANTA, GA 30313
(33.75633725000006, -84.40266985799997)"
FSP-060-000846,Applebees Neighborhood Grill & Bar,02/24/2014 12:00:00 AM,82,"3690 CASCADE RD
ATLANTA, GA 30331
(33.72361357900007, -84.50925535699997)"
1-13100,Apresdiem,04/10/2014 12:00:00 AM,96,"931 MONROE DR STE 103 - C
ATLANTA, GA 30308
(33.779600842000036, -84.36932756499994)"
FSP-060-001655,Aquarius Lounge Inc,04/21/2014 12:00:00 AM,97,"3050 MARTIN LUTHER KING DR 1 X
ATLANTA, GA 30311
(33.75238558600006, -84.48664843799997)"
FSP-060-000231,Aramark,08/21/2014 12:00:00 AM,95,"725 WEST PEACHTREE ST
ATLANTA, GA 30308
(33.77399018800003, -84.38728747899995)"
FSP-060-000231,Aramark,03/04/2014 12:00:00 AM,96,"725 WEST PEACHTREE ST
ATLANTA, GA 30308
(33.77399018800003, -84.38728747899995)"
FSP-060-002602,Aramark Coffee Cart 2 Bldg 3,07/10/2014 12:00:00 AM,100,"250 SPRING ST
ATLANTA, GA 30303
(33.76142109800003, -84.38905392699996)"
FSP-060-000535,Aramark Corp  Tomahawk Tavern 120,06/04/2014 12:00:00 AM,99,"755 HANK AARON DR
ATLANTA, GA 30315
(33.735690817000034, -84.38790010199995)"
FSP-060-000537,Aramark Corp  Tomahawk Tavern 222,06/04/2014 12:00:00 AM,99,"755 HANK AARON DR
ATLANTA, GA 30315
(33.735690817000034, -84.38790010199995)"
FSP-060-000539,Aramark Corp  Tomahawk Tavern 235,06/04/2014 12:00:00 AM,95,"755 HANK AARON DR
ATLANTA, GA 30315
(33.735690817000034, -84.38790010199995)"
1-31289,Aramark Food Service,06/18/2014 12:00:00 AM,87,"350 SPELMAN LN SW
ATLANTA, GA 30314
(33.74533076500006, -84.40888294699994)"
FSP-060-002068,Arbor Terrace at Cascade,09/22/2014 12:00:00 AM,97,"1001 RESEARCH CTR
ATLANTA, GA 30331
(33.71117028000003, -84.52821615499994)"
FSP-060-002068,Arbor Terrace at Cascade,06/03/2014 12:00:00 AM,95,"1001 RESEARCH CTR
ATLANTA, GA 30331
(33.71117028000003, -84.52821615499994)"
1-30184,Arbys,02/03/2014 12:00:00 AM,100,"5160 WINDWARD PKWY
ALPHARETTA, GA 30022
(34.09337231100005, -84.27780772799997)"
1-148,Arbys  1715,08/22/2014 12:00:00 AM,98,"4415 ROSWELL
ATLANTA, GA 30342
(33.87549145300005, -84.38054531599994)"
1-148,Arbys  1715,02/28/2014 12:00:00 AM,98,"4415 ROSWELL
ATLANTA, GA 30342
(33.87549145300005, -84.38054531599994)"
1-13536,Arbys 1220,09/09/2014 12:00:00 AM,100,"10601 ALPHARETTA HWY
ROSWELL, GA 30076
(34.039456622000046, -84.34268822799999)"
1-13536,Arbys 1220,03/04/2014 12:00:00 AM,100,"10601 ALPHARETTA HWY
ROSWELL, GA 30076
(34.039456622000046, -84.34268822799999)"
1-153,Arbys 1838,12/11/2014 12:00:00 AM,90,"4615 JONESBORO RD
UNION CITY, GA 30291
(33.56847726900003, -84.53892200499996)"
1-153,Arbys 1838,05/15/2014 12:00:00 AM,88,"4615 JONESBORO RD
UNION CITY, GA 30291
(33.56847726900003, -84.53892200499996)"
1-17149,Arbys 5377,11/17/2014 12:00:00 AM,100,"8753 ROSWELL RD
ATLANTA, GA 30350
(33.99601530500007, -84.35092837899998)"
1-17149,Arbys 5377,01/03/2014 12:00:00 AM,96,"8753 ROSWELL RD
ATLANTA, GA 30350
(33.99601530500007, -84.35092837899998)"
1-17297,Arbys 6959,04/07/2014 12:00:00 AM,100,"665 CROSSVILLE RD
ROSWELL, GA 30075
(34.05794987300004, -84.38028477999995)"
1-21361,Arbys 7367,06/24/2014 12:00:00 AM,97,"1359 VIRGINIA AVE
EAST POINT, GA 30354
(33.659132389000035, -84.43378395999997)"
1-29410,Arbys Market Fresh,07/29/2014 12:00:00 AM,100,"2555 PIEDMONT RD STE 100
ATLANTA, GA 30324
(33.824603155000034, -84.36718360099997)"
FSP-060-001244,Arepa Mia,09/09/2014 12:00:00 AM,95,"209 EDGEWOOD AVE SE
ATLANTA, GA 30303
(33.75437259000006, -84.38001081899995)"
1-1432,Aria,01/14/2014 12:00:00 AM,99,"490 EAST PACES FERRY
ATLANTA, GA 30305
(33.83693211900004, -84.38137669399998)"
1-163,Arlington Christain School,10/15/2014 12:00:00 AM,80,"4500 RIDGE RD
FAIRBURN, GA 30213
(33.63380819100007, -84.65009184999997)"
1-163,Arlington Christain School,05/19/2014 12:00:00 AM,81,"4500 RIDGE RD
FAIRBURN, GA 30213
(33.63380819100007, -84.65009184999997)"
1-163,Arlington Christain School,04/03/2014 12:00:00 AM,74,"4500 RIDGE RD
FAIRBURN, GA 30213
(33.63380819100007, -84.65009184999997)"
1-163,Arlington Christain School,03/18/2014 12:00:00 AM,84,"4500 RIDGE RD
FAIRBURN, GA 30213
(33.63380819100007, -84.65009184999997)"
FSP-060-000002,Artic Brainfreeze,03/21/2014 12:00:00 AM,99,"13085 HIGHWAY 9 NORTH STE 410
ALPHARETTA, GA 30004
(34.101339823000046, -84.27052164199995)"
FSP-060-001446,Article 14,08/06/2014 12:00:00 AM,95,"1180 PEACHTREE ST STE A
ATLANTA, GA 30309
(33.78678529200005, -84.38322279499994)"
FSP-060-001446,Article 14,01/22/2014 12:00:00 AM,90,"1180 PEACHTREE ST STE A
ATLANTA, GA 30309
(33.78678529200005, -84.38322279499994)"
FSP-060-001445,Article 14 Main Kitchen,08/06/2014 12:00:00 AM,92,"1180 PEACHTREE ST STE A
ATLANTA, GA 30309
(33.78678529200005, -84.38322279499994)"
FSP-060-001445,Article 14 Main Kitchen,01/22/2014 12:00:00 AM,94,"1180 PEACHTREE ST STE A
ATLANTA, GA 30309
(33.78678529200005, -84.38322279499994)"
1-29571,Artmore Hotel,07/11/2014 12:00:00 AM,90,"1302 WEST PEACHTREE ST NW
ATLANTA, GA 30309
(33.79020048800004, -84.38780370099994)"
1-29571,Artmore Hotel,01/07/2014 12:00:00 AM,94,"1302 WEST PEACHTREE ST NW
ATLANTA, GA 30309
(33.79020048800004, -84.38780370099994)"
1-31807,Artmore Hotel Bar,12/04/2014 12:00:00 AM,96,"1302 WEST PEACHTREE ST
ATLANTA, GA 30309
(33.79020048800004, -84.38780370099994)"
1-31807,Artmore Hotel Bar,07/11/2014 12:00:00 AM,88,"1302 WEST PEACHTREE ST
ATLANTA, GA 30309
(33.79020048800004, -84.38780370099994)"
1-31807,Artmore Hotel Bar,01/07/2014 12:00:00 AM,98,"1302 WEST PEACHTREE ST
ATLANTA, GA 30309
(33.79020048800004, -84.38780370099994)"
1-173,Athens Greek Restaurant,10/21/2014 12:00:00 AM,87,"10753 ALPHARETTA HWY
ROSWELL, GA 30075
(34.04263619200003, -84.34131944399996)"
1-173,Athens Greek Restaurant,10/13/2014 12:00:00 AM,75,"10753 ALPHARETTA HWY
ROSWELL, GA 30075
(34.04263619200003, -84.34131944399996)"
1-173,Athens Greek Restaurant,08/15/2014 12:00:00 AM,98,"10753 ALPHARETTA HWY
ROSWELL, GA 30075
(34.04263619200003, -84.34131944399996)"
FSP-060-002155,ATL Dream Wings,09/22/2014 12:00:00 AM,80,"1980 DELOWE DR STE 102
ATLANTA, GA 30311
(33.70099198200006, -84.45733814699997)"
FSP-060-002155,ATL Dream Wings,03/19/2014 12:00:00 AM,90,"1980 DELOWE DR STE 102
ATLANTA, GA 30311
(33.70099198200006, -84.45733814699997)"
FSP-060-002146,ATL Wings,11/05/2014 12:00:00 AM,82,"2205 CAMPBELLTON RD
ATLANTA, GA 30311
(33.70495886200007, -84.46198786699995)"
FSP-060-002146,ATL Wings,09/29/2014 12:00:00 AM,84,"2205 CAMPBELLTON RD
ATLANTA, GA 30311
(33.70495886200007, -84.46198786699995)"
FSP-060-002146,ATL Wings,03/21/2014 12:00:00 AM,82,"2205 CAMPBELLTON RD
ATLANTA, GA 30311
(33.70495886200007, -84.46198786699995)"
FSP-060-002730,ATL Wings L32,12/14/2014 12:00:00 AM,100,"1 GEORGIA DOME
ATLANTA, GA 30313
(33.756984018000026, -84.39946929699994)"
1-22561,Atlanta Apparel MartMarket Cafe Bar1St Floor,07/11/2014 12:00:00 AM,91,"230 SPRING ST
ATLANTA, GA 30303
(33.76084100200006, -84.38905752799997)"
1-22561,Atlanta Apparel MartMarket Cafe Bar1St Floor,01/13/2014 12:00:00 AM,97,"230 SPRING ST
ATLANTA, GA 30303
(33.76084100200006, -84.38905752799997)"
1-184,Atlanta Area Tech School,11/12/2014 12:00:00 AM,95,"1560 METROPOLITAN PKWY
ATLANTA, GA 30315
(33.691091544000074, -84.40819015399995)"
1-184,Atlanta Area Tech School,11/12/2014 12:00:00 AM,100,"1560 METROPOLITAN PKWY
ATLANTA, GA 30315
(33.691091544000074, -84.40819015399995)"
1-184,Atlanta Area Tech School,03/31/2014 12:00:00 AM,90,"1560 METROPOLITAN PKWY
ATLANTA, GA 30315
(33.691091544000074, -84.40819015399995)"
1-176,Atlanta Athletic Club Halfway House,10/29/2014 12:00:00 AM,100,"1930 BOBBY JONES DR
JOHNS CREEK, GA 30097
(34.00494433700004, -84.19355203299995)"
1-21952,Atlanta Athletic Club Health Bar,10/29/2014 12:00:00 AM,95,"1930 BOBBY JONES DR
JOHNS CREEK, GA 30097
(34.00494433700004, -84.19355203299995)"
1-177,Atlanta Athletic Club Kitchen,10/29/2014 12:00:00 AM,90,"1930 BOBBY JONES DR
JOHNS CREEK, GA 30097
(34.00494433700004, -84.19355203299995)"
1-32291,Bar 20,05/17/2014 12:00:00 AM,100,"1 GEORGIA DOME DR
ATLANTA, GA 30313
(33.75633725000006, -84.40266985799997)"
1-178,Atlanta Athletic Club Main Bar,10/29/2014 12:00:00 AM,95,"1930 BOBBY JONES DR
JOHNS CREEK, GA 30097
(34.00494433700004, -84.19355203299995)"
1-179,Atlanta Athletic Club Mens Locker Rm,10/29/2014 12:00:00 AM,99,"1930 BOBBY JONES DR
JOHNS CREEK, GA 30097
(34.00494433700004, -84.19355203299995)"
1-14938,Atlanta Athletic Club Snack Bar,10/29/2014 12:00:00 AM,100,"1930 BOBBY JONES DR
JOHNS CREEK, GA 30097
(34.00494433700004, -84.19355203299995)"
1-195,Atlanta Athletic Club Grill Ki,10/29/2014 12:00:00 AM,92,"1930 BOBBY JONES DR
JOHNS CREEK, GA 30097
(34.00494433700004, -84.19355203299995)"
1-20473,Atlanta Athletic Club Pastry Kitchen,10/29/2014 12:00:00 AM,99,"1930 BOBBY JONES DR
JOHNS CREEK, GA 30097
(34.00494433700004, -84.19355203299995)"
1-29476,Atlanta Auto Auction,05/22/2014 12:00:00 AM,92,"4900 BUFFINGTON RD
RED OAK, GA 30272
(33.62470032600004, -84.49859625199997)"
1-31223,Atlanta Bread,03/21/2014 12:00:00 AM,100,"1155 MOUNT VERNON HWY STE 1200
ATLANTA, GA 30336
(33.93500722700003, -84.34998136899998)"
1-31223,Atlanta Bread,03/14/2014 12:00:00 AM,76,"1155 MOUNT VERNON HWY STE 1200
ATLANTA, GA 30336
(33.93500722700003, -84.34998136899998)"
FSP-060-000722,Atlanta Bread Company,03/10/2014 12:00:00 AM,96,"640 WEST CROSSVILLE RD STE 100
ROSWELL, GA 30075
(34.05750399900006, -84.38002759899996)"
FSP-060-002369,Atlanta Breakfast Club,03/20/2014 12:00:00 AM,95,"249 IVAN ALLEN JR., BLVD
ATLANTA, GA 30313
(33.76465785700003, -84.39546061399994)"
FSP-060-002369,Atlanta Breakfast Club,02/26/2014 12:00:00 AM,96,"249 IVAN ALLEN JR., BLVD
ATLANTA, GA 30313
(33.76465785700003, -84.39546061399994)"
FSP-060-000694,Atlanta Center for Self Sufficiency Inc,11/21/2014 12:00:00 AM,98,"458 EDGEWOOD AVE
ATLANTA, GA 30312
(33.75434105800008, -84.37231552599997)"
FSP-060-000694,Atlanta Center for Self Sufficiency Inc,02/19/2014 12:00:00 AM,89,"458 EDGEWOOD AVE
ATLANTA, GA 30312
(33.75434105800008, -84.37231552599997)"
FSP-060-000597,Atlanta Charter Middle School,02/25/2014 12:00:00 AM,94,"820 ESSIE AVE
ATLANTA, GA 30316
(33.73208861200004, -84.35536812099997)"
1-22357,Atlanta Department Of Corrections,06/19/2014 12:00:00 AM,97,"254 PEACHTREE ST SW
ATLANTA, GA 30303
(33.74760639100003, -84.39566456799997)"
FSP-060-001157,Atlanta Detention Center,10/08/2014 12:00:00 AM,90,"5651 STONEWALL TELL RD
ATLANTA, GA 30349
(33.601649044000055, -84.55057536599998)"
FSP-060-001157,Atlanta Detention Center,05/09/2014 12:00:00 AM,96,"5651 STONEWALL TELL RD
ATLANTA, GA 30349
(33.601649044000055, -84.55057536599998)"
1-29832,Atlanta Expo Cafe,12/12/2014 12:00:00 AM,93,"3650 JONESBORO RD
ATLANTA, GA 30354
(33.655738419000045, -84.36884520899997)"
1-29832,Atlanta Expo Cafe,09/22/2014 12:00:00 AM,87,"3650 JONESBORO RD
ATLANTA, GA 30354
(33.655738419000045, -84.36884520899997)"
1-29832,Atlanta Expo Cafe,06/13/2014 12:00:00 AM,96,"3650 JONESBORO RD
ATLANTA, GA 30354
(33.655738419000045, -84.36884520899997)"
1-29832,Atlanta Expo Cafe,02/04/2014 12:00:00 AM,92,"3650 JONESBORO RD
ATLANTA, GA 30354
(33.655738419000045, -84.36884520899997)"
1-219,Atlanta Fish Market,01/23/2014 12:00:00 AM,95,"265 PHARR RD
ATLANTA, GA 30305
(33.83702346000007, -84.37885047199995)"
FSP-060-000230,Atlanta Heights Charter School,09/12/2014 12:00:00 AM,100,"3712 MARTIN LUTHER KING BLVD
ATLANTA, GA 30331
(33.71117028000003, -84.52821615499994)"
FSP-060-000230,Atlanta Heights Charter School,02/26/2014 12:00:00 AM,93,"3712 MARTIN LUTHER KING BLVD
ATLANTA, GA 30331
(33.71117028000003, -84.52821615499994)"
1-31431,Atlanta International SchoolSAC,03/24/2014 12:00:00 AM,100,"2890 NORTH FULTON DR
ATLANTA, GA 30305
(33.833402990000025, -84.37786296599995)"
1-32564,Atlanta Marriott Buckhead Employee Cafe,06/19/2014 12:00:00 AM,100,"3405 LENOX RD NE
ATLANTA, GA 30326
(33.847828406000076, -84.36007519199995)"
1-32564,Atlanta Marriott Buckhead Employee Cafe,02/19/2014 12:00:00 AM,100,"3405 LENOX RD NE
ATLANTA, GA 30326
(33.847828406000076, -84.36007519199995)"
1-32561,Atlanta Marriott Buckhead Lenox Room,06/19/2014 12:00:00 AM,100,"3405 LENOX RD NE
ATLANTA, GA 30326
(33.847828406000076, -84.36007519199995)"
1-32561,Atlanta Marriott Buckhead Lenox Room,02/19/2014 12:00:00 AM,99,"3405 LENOX RD NE
ATLANTA, GA 30326
(33.847828406000076, -84.36007519199995)"
1-32562,Atlanta Marriott Buckhead Shula,06/19/2014 12:00:00 AM,95,"3405 LENOX RD NE
ATLANTA, GA 30326
(33.847828406000076, -84.36007519199995)"
1-32562,Atlanta Marriott Buckhead Shula,02/19/2014 12:00:00 AM,99,"3405 LENOX RD NE
ATLANTA, GA 30326
(33.847828406000076, -84.36007519199995)"
1-231,Atlanta Merchandise Mart 22Nd,01/10/2014 12:00:00 AM,100,"240 PEACHTREE ST
ATLANTA, GA 30303
(33.76061104400003, -84.38761357499999)"
1-30287,Atlanta Metropolitan College,11/06/2014 12:00:00 AM,92,"1630 METROPOLITAN PKWY SW
ATLANTA, GA 30310
(33.71067125400003, -84.40791857499994)"
1-30287,Atlanta Metropolitan College,04/03/2014 12:00:00 AM,92,"1630 METROPOLITAN PKWY SW
ATLANTA, GA 30310
(33.71067125400003, -84.40791857499994)"
FSP-060-001218,Atlanta Neighborhood Charter SchoolElementary Camp,11/03/2014 12:00:00 AM,99,"688 GRANT ST SE
ATLANTA, GA 30315
(33.73584159400008, -84.37980801799995)"
FSP-060-001218,Atlanta Neighborhood Charter SchoolElementary Camp,04/04/2014 12:00:00 AM,96,"688 GRANT ST SE
ATLANTA, GA 30315
(33.73584159400008, -84.37980801799995)"
1-241,Atlanta Speech School,09/12/2014 12:00:00 AM,82,"3160 NORTHSIDE PKWY NW
ATLANTA, GA 30327
(33.841576125000074, -84.42114727999996)"
1-241,Atlanta Speech School,03/05/2014 12:00:00 AM,99,"3160 NORTHSIDE PKWY NW
ATLANTA, GA 30327
(33.841576125000074, -84.42114727999996)"
FSP-060-000463,Atlanta Technical College  Bake Kitchen,11/12/2014 12:00:00 AM,100,"1560 METROPOLITAN PKWY SE
ATLANTA, GA 30310
(33.71292363800006, -84.40787547699995)"
FSP-060-000463,Atlanta Technical College  Bake Kitchen,03/31/2014 12:00:00 AM,99,"1560 METROPOLITAN PKWY SE
ATLANTA, GA 30310
(33.71292363800006, -84.40787547699995)"
1-243,Atlanta Transitional Center,02/18/2014 12:00:00 AM,90,"332 PONCE DE LEON AVE
ATLANTA, GA 30308
(33.77241732300007, -84.37644565999994)"
1-244,Atlanta Union Mission,01/06/2014 12:00:00 AM,99,"165 IVAN ALLEN BLVD
ATLANTA, GA 30313
(33.756984018000026, -84.39946929699994)"
1-18221,Atlanta Wings,09/22/2014 12:00:00 AM,72,"3 JOSEPH E LOWERY BLVD
ATLANTA, GA 30314
(33.75444057400006, -84.41756368399996)"
FSP-060-002612,Atlanta Wings II,10/08/2014 12:00:00 AM,96,"2407 STANTON RD
ATLANTA, GA 30344
(33.69838357700007, -84.44845614699994)"
FSP-060-002612,Atlanta Wings II,09/22/2014 12:00:00 AM,72,"2407 STANTON RD
ATLANTA, GA 30344
(33.69838357700007, -84.44845614699994)"
2-31736,Atlanta Youth Academies Inc,10/17/2014 12:00:00 AM,96,"2120 FORREST SE
ATLANTA, GA 30315
(33.70674272000008, -84.38208927499994)"
2-31736,Atlanta Youth Academies Inc,03/25/2014 12:00:00 AM,100,"2120 FORREST SE
ATLANTA, GA 30315
(33.70674272000008, -84.38208927499994)"
1-31917,Atlantas Best Burgers DBA Five Guys,04/01/2014 12:00:00 AM,98,"3620 CAMP CREEK PKWY STE 100
ATLANTA, GA 30331
(33.65429013500005, -84.50778900299997)"